NUMBER,FILTER,SEX_SNR,NMAD_SNR,SNR_DIFF,SNR_RATIO
3206,F115W,11.301690805619147,5.189001754838798,6.112689050780349,2.178008669023903
3206,F150W,18.46930764553074,8.165390886811913,10.303916758718827,2.261901224515888
3206,F200W,20.990258106057297,8.394791766140314,12.595466339916984,2.500390562481816
3206,F277W,17.51295276108571,8.224497217840456,9.288455543245254,2.129364543171937
3206,F356W,13.429357032873785,7.938346730572337,5.491010302301448,1.6917070378337529
3206,F410M,10.647516052991296,5.6696849605466815,4.977831092444615,1.8779731373230732
3206,F444W,7.730862742689424,7.160280408152334,0.5705823345370895,1.0796871493869784
3206,F606W,-1.8686170908737687,1.8765246769582253,-3.745141767831994,-0.9957860473770723
3206,F814W,-1.4432937645427342,0.15542618685454232,-1.5987199513972765,-9.286039847927686
